{
    "confidence_score": 0.8643903136253357,
    "ptm": 0.8106813430786133,
    "iptm": 0.6889751553535461,
    "ligand_iptm": 0.8836244940757751,
    "protein_iptm": 0.6656641364097595,
    "complex_plddt": 0.9082440733909607,
    "complex_iplddt": 0.7248144745826721,
    "complex_pde": 0.7213430404663086,
    "complex_ipde": 3.586153268814087,
    "chains_ptm": {
        "0": 0.9714750051498413,
        "1": 0.9746753573417664,
        "2": 0.9349851012229919
    },
    "pair_chains_iptm": {
        "0": {
            "0": 0.9714750051498413,
            "1": 0.6656641364097595,
            "2": 0.38882091641426086
        },
        "1": {
            "0": 0.625452995300293,
            "1": 0.9746753573417664,
            "2": 0.6119067668914795
        },
        "2": {
            "0": 0.6793124079704285,
            "1": 0.8836244940757751,
            "2": 0.9349851012229919
        }
    }
}